Ce site web utilise des cookies. Pour plus d'informations sur la façon dont nous utilisons les cookies, vous pouvez lire notre  Notification sur la  confidentialité et les cookies

Samsung Galaxy A03 Core - 4G - 6.5" - 2GB/32GB - 5/8Mpx - 2xSim - Noir - Garantie 24 Mois53,900 FCFA28%

Tecno CAMON 19 - 6.8"- 4Go - 128Go - 64Mpx - 5000 MAh - Blanc + Gadget Offert - 12+1 Mois Garantie107,900 FCFA12%

XIAOMI Redmi A1+- 2 Sim - 4G -  6.53 Pouces - 2Go Ram - 32Go Rom - 13Mpx - 5000mAh - Vert56,800 FCFA24%

Tecno Pop 6 Go - 6'' HD+ - 1/16Go - 3G - 5Mpx - 4000mAh - Gris47,900 FCFA20%

Samsung A04s - 4G - Dual Sim - 6,5" - 3/32Go - 13/5 Mpx - 24 Mois Garantie  - Noir89,360 FCFA12%

Huawei Nova 9SE - 6.78" - 8/128Go - 108Mpx - Bleu168,500 FCFA33%

Samsung A04s - 4G - Dual Sim - 6,5" - 4/64Go - 13/5 Mpx - 24 Mois Garantie  - Noir93,650 FCFA19%

Tecno Spark 8C  - 6,6'' HD+ - 4G - 2SIM - 8Mpx/13Mpx - 2Go + 64Go - 5000 MAh - Noir67,900 FCFA13%

Tecno Spark 9T - 6,6'' HD+ - 4G - 2SIM - 8Mpx/13Mpx - 4Go + 128Go - 5000 MAh - Noir -12+1 Mois De Garantie + 1 Gadget offert94,900 FCFA21%

XIAOMI Redmi Note 11 - 6.6" - 50 Mpx - 6/128 Go - Gris - 12 Mois De Garantie125,999 FCFA37%

Tecno Pop 6  4G - 6'' HD+ - 2/32Go - 5Mpx - Ice Blue - 12+1 Mois Garantie58,600 FCFA22%

XIAOMI Redmi A1+- 2 Sim - 4G -  6.52 Pouces - 2Go Ram - 32Go Rom - 13Mpx - 5000mAh - Noir53,200 FCFA29%

Tecno POVA Neo – 6.51″- 64 Go - 4Go – 13Mpx - 6000 Mah – Bleu - 12+1 Mois88,300 FCFA13%

Tecno POP 6 Pro - 6,52" HD+ - 4G - 2 SIM - 2Go + 32 Go - 5 Mpx/8Mpx - 6000 MAh - Peaceful Blue - 13 Mois De Garantie - 12+1 Mois Garantie - 12+1 Mois Garantie63,500 FCFA14%

Samsung Galaxy A13 - 6.5" -  4G - Dual Sim - 50Mpx -  4Go - 64Go – 5000mAh- Noir - Garantie 24 Mois99,900 FCFA13%

Infinix Smart 6 (3G) - 32Go + 2Go - 8MP - 5000 MAh - Cyan - 12 Mois Garantie54,900 FCFA14%

Music Pioneer Pro 4S Mini AiPods - Oreillette Bluetooth 5.2 - Version Basique - Blanc4,300 FCFA48%

Samsung Galaxy A03 Core - 4G - 6.5" - 2GB/32GB - 5/8Mpx - 2xSim - Noir - Garantie 24 Mois53,900 FCFA28%

Écouteurs Bluetooth Casque Sans Fil Air-Pro 3 Casque Bluetooth Intra-auriculaire Casque De Sport De Jeu T W S3,290 FCFA49%

Ace Elec Mini Pro 4 Oreillette Bluetooth Stereo Écouteurs Bluetooth - Blanc3,900 FCFA53%

Casque Bluetooth Sport Écouteurs Sans Fil à Commande Tactile Stéréo HiFi2,590 FCFA60%

Oreillette Bluetooth H10 - Blanc3,690 FCFA67%

K2 Écouteurs Bluetooth Casque Stereo Oreillette Sans Fil - Noir7,490 FCFA49%

Gm Oreillettes Bluetooth 5.0 F9 + Banques De Puissance - Noir3,650 FCFA29%

Tecno POVA Neo – 6.51″- 64 Go - 4Go – 13Mpx - 6000 Mah – Bleu - 12+1 Mois88,300 FCFA13%

H10 - Écouteur Bluetooth 5.0 - Blanc3,290 FCFA68%

Montre Intelligente Connectée6,000 FCFA

Imilab Smart Watch KW66 - Noir26,495 FCFA41%

Imilab Smart Watch W12 - Noir29,990 FCFA33%

New Montre Connectée Bluetooth Intelligente Hiwatch SERIE 627,000 FCFA

BRACELET NYLON NOIRE COMPATIBLE  APPLE WATCH  38 / 40 Mm6,000 FCFA40%

Montre Connectée Bluetooth A11- Noir29,000 FCFA

Smart 2030 Montre Connectée - Bluetooth Camera9,880 FCFA34%

BRACELET NYLON BLEU COMPATIBLE  APPLE WATCH  42 / 44  Mm6,000 FCFA40%

CatégorieTéléphones & TablettesAccessoires TéléphonePochette téléphone portableTéléphone portableTéléphone Fixe & FaxAccessoires pour tablettePièces de rechange pour tabletteTablettesTéléphones et accessoires

MarqueAce ElecAmpowerAnkerAnonymeAppleAtouchBabaBaseusBEBE TABBelkinBlackviewBluetoothBontelC15CarDiscoverDiverEcouteurFashionFast ChargerFolioG-TabGalaxyGelidiGenericGmHeadphoneHuaweiIdinoInfinixItelJblKids TabletsKidyLcdLdnioLedLenovoLGLightLuxuryLuxury TouchMaxfitMiMini SpeakerModioMp3 BluetoothMusic Mini SpeakerMusic PioneerNBNillkinNokiaOemOppoOraimoOrimoP47PanasonicPhone AccessoriesPining PowerbankPOHBPowerProPromateRealmeRedmiRemaxRingSamsungScreenSelfie StickSHSmartSmart 2030Smart BraceletSmart WatchSmartwatchSonySound & Light AccessoriesSovoSPORTSQ MobileSunglassSupportTecnoTouchTWSV8V9WatchWd power BankWirelessWIRELESS CHARGERWireless GSMWsterXIAOMIX TigiXunddZealotZhiyun

CouleurBeigeOff-WhiteOrangePurple

Remise (%)50% et plus40% et plus30% et plus20% et plus10% et plus

Évaluation du vendeur80% et plus60% et plus40% et plus20% et plus

Expédié depuisExpédié depuis Côte d’Ivoire

Livraison rapide

RemiseArticles en promotion seulement

Samsung Galaxy A03 Core - 4G - 6.5" - 2GB/32GB - 5/8Mpx - 2xSim - Noir - Garantie 24 Mois53,900 FCFA75,000 FCFA28%3.8 out of 5(575)Ajouter au panier

Ace Elec Écouteurs Stéréo Music Pioneer F9-5C, Casques Sans Fil3,990 FCFA9,020 FCFA56%3.8 out of 5(820)Ajouter au panier

ARHANORY Support De Trépied Téléphone Selfie Anneau Lumineux-Noir2,990 FCFA3,725 FCFA20%3.9 out of 5(586)Ajouter au panier

Ace Elec Mini Pro 4 Oreillette Bluetooth Stereo Écouteurs Bluetooth - Blanc3,900 FCFA8,235 FCFA53%3.4 out of 5(1484)Ajouter au panier

Nokia Téléphone Mobile Nokia C2-05 GSM Slide Touch & Type Phone18,000 FCFA38,000 FCFA53%Ajouter au panier

XIAOMI Redmi Note 11 - 6.6" - 50 Mpx - 6/128 Go - Gris - 12 Mois De Garantie125,999 FCFA200,000 FCFA37%4.4 out of 5(38)Ajouter au panier

Ace Elec ACE F9 9D Stereo Oreillette Bluetooth 5.1 - 9D - Noir3,900 FCFA7,647 FCFA49%3.7 out of 5(840)Ajouter au panier

XIAOMI Redmi A1+- 2 Sim - 4G -  6.52 Pouces - 2Go Ram - 32Go Rom - 13Mpx - 5000mAh - Noir53,200 FCFA75,000 FCFA29%4.2 out of 5(13)Ajouter au panier

Oreillette Bluetooth Air Pro 3 - Blanc3,450 FCFA7,824 FCFA56%3.5 out of 5(325)Ajouter au panier

XIAOMI Redmi A1+- 2 Sim - 4G -  6.53 Pouces - 2Go Ram - 32Go Rom - 13Mpx - 5000mAh - Vert56,800 FCFA75,000 FCFA24%4 out of 5(11)Ajouter au panier

Tecno CAMON 19 - 6.8"- 4Go - 128Go - 64Mpx - 5000 MAh - Blanc + Gadget Offert - 12+1 Mois Garantie107,900 FCFA123,000 FCFA12%4.5 out of 5(6)Ajouter au panier

Tecno Spark 8C  - 6,6'' HD+ - 4G - 2SIM - 8Mpx/13Mpx - 2Go + 64Go - 5000 MAh - Noir67,900 FCFA77,900 FCFA13%4 out of 5(165)Ajouter au panier

Écouteurs Sans Fil  Air Pro3 Oreillette - HIFI Bluetooth Casque3,770 FCFA7,392 FCFA49%3.7 out of 5(84)Ajouter au panier

Gm Oreillettes Bluetooth 5.0 F9 + Banques De Puissance - Noir3,650 FCFA5,147 FCFA29%3.7 out of 5(380)Ajouter au panier

Samsung Galaxy A13 - 6.5" -  4G - Dual Sim - 50Mpx -  4Go - 64Go – 5000mAh – Bleu - Garantie 24 Mois103,500 FCFA135,000 FCFA23%4.4 out of 5(40)Ajouter au panier

Boutique OfficielleXIAOMI Redmi A1+- 2 Sim - 4G -  6.53 Pouces - 2Go Ram - 32Go Rom - 13Mpx - 5000mAh - Bleu57,500 FCFA75,000 FCFA23%4.4 out of 5(32)Ajouter au panier

LED Ring Light Avec Trépied Avec Supports De Téléphone Portable6,290 FCFA12,333 FCFA49%4.1 out of 5(77)Ajouter au panier

Tecno CAMON 19 - 6.8"- 4Go - 128Go - 64Mpx - 5000 MAh - Noir + Gadget Offert107,900 FCFA123,000 FCFA12%4.4 out of 5(14)Ajouter au panier

XIAOMI Redmi 10C - 6,53" - 4/128 Go - 5/13 Mpx - 4G - 2SIM - Bleu - 12 Mois De Garantie93,999 FCFA180,000 FCFA48%4.6 out of 5(12)Ajouter au panier

Casque D'écoute Bluetooth Stéréo Sans Fil Avec Suppression Du Bruit2,990 FCFA5,863 FCFA49%3.3 out of 5(32)Ajouter au panier

Music Pioneer F9 Oreillette Bluetooth Stéréo BT5.3 Headsets3,900 FCFA8,039 FCFA51%3.5 out of 5(768)Ajouter au panier

Oreillette HIFI Écouteurs Buds3 - Bluetooth Casque- Noir3,850 FCFA7,549 FCFA49%4.2 out of 5(16)Ajouter au panier

Ace Elec ACE Pro 6 Oreillette Bluetooth Stereo Écouteurs Bluetooth - Blanc3,900 FCFA9,608 FCFA59%4 out of 5(130)Ajouter au panier

Boutique OfficielleTecno Pop 6 Go - 6'' HD+ - 1/16Go - 3G - 5Mpx - 4000mAh - Gris47,900 FCFA60,000 FCFA20%Ajouter au panier

Casque Bluetooth Sans Fil Stéréo Pro6s Pour IOS/Android3,770 FCFA5,471 FCFA31%3.6 out of 5(7)Ajouter au panier

X Tigi Sharp2-4G-7.12''-4Go Ram-128Go Rom-16Mp/16+2+2Mp-Noir69,900 FCFA99,900 FCFA30%3.6 out of 5(9)Ajouter au panier

Tecno CAMON 19 - 6.8"- 4Go - 128Go - 64Mpx - 5000 MAh - Vert + Gadget Offert107,900 FCFA123,000 FCFA12%3.8 out of 5(8)Ajouter au panier

Écouteurs Bluetooth Qualité Pro I18TWS - Blanc2,290 FCFA5,000 FCFA54%4 out of 5(9)Ajouter au panier

X Tigi S2-4G Lte-Octa Core-4Go Ram-64Go Rom-13Mp/13Mp-Noir46,900 FCFA69,900 FCFA33%3.3 out of 5(10)Ajouter au panier

F9-32T W S Mini Bluetooth 5.0 Écouteurs Casque Sans Fil 9D Hifi Stéréo3,390 FCFA8,608 FCFA61%3.5 out of 5(57)Ajouter au panier

Samsung A04e - 4G - Dual Sim - 6,5" - 3/64Go - 13/5 Mpx - 24 Mois Garantie  - Noir68,900 FCFA75,000 FCFA8%4.5 out of 5(6)Ajouter au panier

Écouteurs HIFI Stéréo Touch Control Casque Écouteurs Sans Fil Bluetooth Noir4,390 FCFA8,999 FCFA51%4.5 out of 5(28)Ajouter au panier

Samsung A04e - 4G - Dual Sim - 6,5" - 3/32Go - 13/5 Mpx - 24 Mois Garantie  - Bleu59,900 FCFA75,000 FCFA20%Ajouter au panier

Écouteurs Bluetooth Casque Sans Fil Air-Pro 3 Casque Bluetooth Intra-auriculaire Casque De Sport De Jeu T W S3,290 FCFA6,451 FCFA49%3.6 out of 5(367)Ajouter au panier

Tecno POP 6 Pro - 6,52" HD+ - 4G - 2 SIM - 2Go + 32 Go - 5 Mpx/8Mpx - 6000 MAh - Peaceful Blue - 13 Mois De Garantie - 12+1 Mois Garantie - 12+1 Mois Garantie63,500 FCFA74,200 FCFA14%5 out of 5(3)Ajouter au panier

JS36 - Écouteur Bluetooth 5.0 - Blanc6,790 FCFA13,314 FCFA49%4 out of 5(106)Ajouter au panier

K2 Écouteurs Bluetooth Casque Stereo Oreillette Sans Fil - Noir7,490 FCFA14,686 FCFA49%3.9 out of 5(185)Ajouter au panier

Oreillette Sans Fil Casque Bluetooth Écouteurs Avec Boîte D’énergie4,650 FCFA9,216 FCFA50%3.7 out of 5(6)Ajouter au panier

Casques D'écoute Bluetooth Casques D'écoute Bluetooth Casques D'écoute Sport3,126 FCFA6,129 FCFA49%3.7 out of 5(21)Ajouter au panier

Music Pioneer Mini Air Ear Pods Pro 6 écouteurs Bluetooth Sans Fil Stéréo Avec Micro3,900 FCFA7,647 FCFA49%3.8 out of 5(32)Ajouter au panier

